Property,Count,Min,Max,Mean,Std,P10,P50,P90
PORO,125000,0.0200519003,0.379999995,0.1322988413629192,0.10956735208542066,0.02157443761,0.1236486245,0.2772267755
